Name;Alter;Letzter Besuch;Ort
Peter;69;01.08.2010 00:00:00;Köln
Paul;97;25.03.2011 00:00:00;München
Maria;74;12.09.2010 00:00:00;Hamburg
Jupp;35;19.10.2009 00:00:00;Berlin
Jopi;99;16.04.2011 00:00:00;Wanne-Eikel
Pumuckl;53;18.03.2010 00:00:00;Bottrop
Hanna;85;19.12.2010 00:00:00;Essen
Jakob;84;11.12.2010 00:00:00;Wuppertal
Stefan;51;04.03.2010 00:00:00;Köln
Karli;51;04.03.2010 00:00:00;München
Mike;9;11.03.2009 00:00:00;Hamburg
Mausi;30;07.09.2009 00:00:00;Berlin
Peter;6;15.02.2009 00:00:00;Wanne-Eikel
Paul;66;12.07.2010 00:00:00;Bottrop
Maria;10;23.03.2009 00:00:00;Essen
Jupp;5;04.02.2009 00:00:00;Wuppertal
Jopi;43;28.12.2009 00:00:00;Köln
Pumuckl;24;14.07.2009 00:00:00;München
Hanna;37;04.11.2009 00:00:00;Hamburg
Jakob;8;05.03.2009 00:00:00;Berlin
Stefan;58;05.05.2010 00:00:00;Wanne-Eikel
Karli;74;10.09.2010 00:00:00;Bottrop
Mike;37;03.11.2009 00:00:00;Essen
Mausi;51;04.03.2010 00:00:00;Wuppertal
Peter;93;26.02.2011 00:00:00;Köln
Paul;50;26.02.2010 00:00:00;München
Maria;97;31.03.2011 00:00:00;Hamburg
Jupp;94;28.02.2011 00:00:00;Berlin
Jopi;52;11.03.2010 00:00:00;Wanne-Eikel
Pumuckl;33;03.10.2009 00:00:00;Bottrop
Hanna;47;29.01.2010 00:00:00;Essen
Jakob;103;22.05.2011 00:00:00;Wuppertal
Stefan;6;14.02.2009 00:00:00;Köln
Karli;100;25.04.2011 00:00:00;München
Mike;15;06.05.2009 00:00:00;Hamburg
Mausi;64;22.06.2010 00:00:00;Berlin
Peter;13;20.04.2009 00:00:00;Wanne-Eikel
Paul;100;21.04.2011 00:00:00;Bottrop
Maria;12;06.04.2009 00:00:00;Essen
Jupp;57;22.04.2010 00:00:00;Wuppertal
Jopi;84;07.12.2010 00:00:00;Köln
Pumuckl;24;16.07.2009 00:00:00;München
Hanna;63;11.06.2010 00:00:00;Hamburg
Jakob;78;22.10.2010 00:00:00;Berlin
Stefan;80;07.11.2010 00:00:00;Wanne-Eikel
Karli;51;01.03.2010 00:00:00;Bottrop
Mike;103;18.05.2011 00:00:00;Essen
Mausi;99;12.04.2011 00:00:00;Wuppertal
Peter;46;20.01.2010 00:00:00;Köln
Paul;70;09.08.2010 00:00:00;München
Maria;2;17.01.2009 00:00:00;Hamburg
Jupp;39;19.11.2009 00:00:00;Berlin
Jopi;54;29.03.2010 00:00:00;Wanne-Eikel
Pumuckl;70;08.08.2010 00:00:00;Bottrop
Hanna;12;04.04.2009 00:00:00;Essen
Jakob;100;20.04.2011 00:00:00;Wuppertal
Stefan;60;22.05.2010 00:00:00;Köln
Karli;23;11.07.2009 00:00:00;München
Mike;46;21.01.2010 00:00:00;Hamburg
Mausi;49;18.02.2010 00:00:00;Berlin
Peter;60;17.05.2010 00:00:00;Wanne-Eikel
Paul;96;21.03.2011 00:00:00;Bottrop
Maria;33;02.10.2009 00:00:00;Essen
Jupp;18;01.06.2009 00:00:00;Wuppertal
Jopi;4;03.02.2009 00:00:00;Köln
Pumuckl;10;19.03.2009 00:00:00;München
Hanna;25;25.07.2009 00:00:00;Hamburg
Jakob;10;23.03.2009 00:00:00;Berlin
Stefan;52;08.03.2010 00:00:00;Wanne-Eikel
Karli;51;28.02.2010 00:00:00;Bottrop
Mike;96;16.03.2011 00:00:00;Essen
Mausi;48;06.02.2010 00:00:00;Wuppertal
Peter;12;09.04.2009 00:00:00;Köln
Paul;85;13.12.2010 00:00:00;München
Maria;29;26.08.2009 00:00:00;Hamburg
Jupp;35;21.10.2009 00:00:00;Berlin
Jopi;11;02.04.2009 00:00:00;Wanne-Eikel
Pumuckl;63;12.06.2010 00:00:00;Bottrop
Hanna;75;25.09.2010 00:00:00;Essen
Jakob;43;28.12.2009 00:00:00;Wuppertal
Stefan;52;10.03.2010 00:00:00;Köln
Karli;103;19.05.2011 00:00:00;München
Mike;48;08.02.2010 00:00:00;Hamburg
Mausi;87;31.12.2010 00:00:00;Berlin
Peter;31;17.09.2009 00:00:00;Wanne-Eikel
Paul;9;13.03.2009 00:00:00;Bottrop
Maria;50;23.02.2010 00:00:00;Essen
Jupp;41;06.12.2009 00:00:00;Wuppertal
Jopi;89;22.01.2011 00:00:00;Köln
Pumuckl;20;15.06.2009 00:00:00;München
Hanna;4;01.02.2009 00:00:00;Hamburg
Jakob;95;10.03.2011 00:00:00;Berlin
Stefan;54;31.03.2010 00:00:00;Wanne-Eikel
Karli;67;17.07.2010 00:00:00;Bottrop
Mike;102;05.05.2011 00:00:00;Essen
Mausi;92;16.02.2011 00:00:00;Wuppertal
Peter;95;13.03.2011 00:00:00;Köln
Paul;45;11.01.2010 00:00:00;München
Maria;74;19.09.2010 00:00:00;Hamburg
Jupp;71;21.08.2010 00:00:00;Berlin
Jopi;26;08.08.2009 00:00:00;Wanne-Eikel
Pumuckl;93;26.02.2011 00:00:00;Bottrop
Hanna;48;04.02.2010 00:00:00;Essen
Jakob;100;21.04.2011 00:00:00;Wuppertal
Stefan;79;24.10.2010 00:00:00;Köln
Karli;59;11.05.2010 00:00:00;München
Mike;27;12.08.2009 00:00:00;Hamburg
Mausi;74;14.09.2010 00:00:00;Berlin
Peter;41;13.12.2009 00:00:00;Wanne-Eikel
Paul;81;11.11.2010 00:00:00;Bottrop
Maria;89;19.01.2011 00:00:00;Essen
Jupp;102;10.05.2011 00:00:00;Wuppertal
Jopi;52;16.03.2010 00:00:00;Köln
Pumuckl;3;24.01.2009 00:00:00;München
Hanna;102;10.05.2011 00:00:00;Hamburg
Jakob;61;28.05.2010 00:00:00;Berlin
Stefan;48;10.02.2010 00:00:00;Wanne-Eikel
Karli;51;02.03.2010 00:00:00;Bottrop
Mike;92;12.02.2011 00:00:00;Essen
Mausi;100;23.04.2011 00:00:00;Wuppertal
Peter;64;23.06.2010 00:00:00;Köln
Paul;89;16.01.2011 00:00:00;München
Maria;25;29.07.2009 00:00:00;Hamburg
Jupp;32;24.09.2009 00:00:00;Berlin
Jopi;47;28.01.2010 00:00:00;Wanne-Eikel
Pumuckl;1;06.01.2009 00:00:00;Bottrop
Hanna;98;07.04.2011 00:00:00;Essen
Jakob;50;21.02.2010 00:00:00;Wuppertal
Stefan;88;07.01.2011 00:00:00;Köln
Karli;41;08.12.2009 00:00:00;München
Mike;45;08.01.2010 00:00:00;Hamburg
Mausi;71;19.08.2010 00:00:00;Berlin
Peter;93;21.02.2011 00:00:00;Wanne-Eikel
Paul;5;04.02.2009 00:00:00;Bottrop
Maria;17;22.05.2009 00:00:00;Essen
Jupp;63;12.06.2010 00:00:00;Wuppertal
Jopi;56;15.04.2010 00:00:00;Köln
Pumuckl;53;19.03.2010 00:00:00;München
Hanna;9;10.03.2009 00:00:00;Hamburg
Jakob;77;06.10.2010 00:00:00;Berlin
Stefan;86;29.12.2010 00:00:00;Wanne-Eikel
Karli;81;09.11.2010 00:00:00;Bottrop
Mike;104;24.05.2011 00:00:00;Essen
Mausi;9;13.03.2009 00:00:00;Wuppertal
Peter;36;25.10.2009 00:00:00;Köln
Paul;7;21.02.2009 00:00:00;München
Maria;43;25.12.2009 00:00:00;Hamburg
Jupp;51;07.03.2010 00:00:00;Berlin
Jopi;69;06.08.2010 00:00:00;Wanne-Eikel
Pumuckl;41;09.12.2009 00:00:00;Bottrop
Hanna;44;07.01.2010 00:00:00;Essen
Jakob;45;11.01.2010 00:00:00;Wuppertal
Stefan;58;29.04.2010 00:00:00;Köln
Karli;79;26.10.2010 00:00:00;München
Mike;7;28.02.2009 00:00:00;Hamburg
Mausi;42;21.12.2009 00:00:00;Berlin
Peter;69;31.07.2010 00:00:00;Wanne-Eikel
Paul;16;13.05.2009 00:00:00;Bottrop
Maria;53;25.03.2010 00:00:00;Essen
Jupp;78;18.10.2010 00:00:00;Wuppertal
Jopi;65;03.07.2010 00:00:00;Köln
Pumuckl;82;19.11.2010 00:00:00;München
Hanna;91;04.02.2011 00:00:00;Hamburg
Jakob;1;06.01.2009 00:00:00;Berlin
Stefan;37;04.11.2009 00:00:00;Wanne-Eikel
Karli;18;02.06.2009 00:00:00;Bottrop
Mike;10;20.03.2009 00:00:00;Essen
Mausi;48;10.02.2010 00:00:00;Wuppertal
Peter;91;02.02.2011 00:00:00;Köln
Paul;40;29.11.2009 00:00:00;München
Maria;6;12.02.2009 00:00:00;Hamburg
Jupp;100;23.04.2011 00:00:00;Berlin
Jopi;43;24.12.2009 00:00:00;Wanne-Eikel
Pumuckl;16;09.05.2009 00:00:00;Bottrop
Hanna;14;26.04.2009 00:00:00;Essen
Jakob;88;12.01.2011 00:00:00;Wuppertal
Stefan;89;23.01.2011 00:00:00;Köln
Karli;17;19.05.2009 00:00:00;München
Mike;101;29.04.2011 00:00:00;Hamburg
Mausi;41;08.12.2009 00:00:00;Berlin
Peter;63;11.06.2010 00:00:00;Wanne-Eikel
Paul;47;31.01.2010 00:00:00;Bottrop
Maria;85;16.12.2010 00:00:00;Essen
Jupp;47;30.01.2010 00:00:00;Wuppertal
Jopi;101;01.05.2011 00:00:00;Köln
Pumuckl;104;27.05.2011 00:00:00;München
Hanna;14;23.04.2009 00:00:00;Hamburg
Jakob;14;28.04.2009 00:00:00;Berlin
Stefan;102;06.05.2011 00:00:00;Wanne-Eikel
Karli;79;30.10.2010 00:00:00;Bottrop
Mike;99;11.04.2011 00:00:00;Essen
Mausi;40;03.12.2009 00:00:00;Wuppertal
Peter;104;25.05.2011 00:00:00;Köln
Paul;35;20.10.2009 00:00:00;München
Maria;12;05.04.2009 00:00:00;Hamburg
Jupp;5;09.02.2009 00:00:00;Berlin
Jopi;94;05.03.2011 00:00:00;Wanne-Eikel
Pumuckl;103;18.05.2011 00:00:00;Bottrop
Hanna;77;07.10.2010 00:00:00;Essen
Jakob;18;26.05.2009 00:00:00;Wuppertal
Stefan;101;04.05.2011 00:00:00;Köln
Karli;99;14.04.2011 00:00:00;München
Mike;65;03.07.2010 00:00:00;Hamburg
Mausi;30;07.09.2009 00:00:00;Berlin
Peter;36;27.10.2009 00:00:00;Wanne-Eikel
Paul;49;13.02.2010 00:00:00;Bottrop
Maria;3;19.01.2009 00:00:00;Essen
Jupp;42;21.12.2009 00:00:00;Wuppertal
Jopi;65;03.07.2010 00:00:00;Köln
Pumuckl;24;17.07.2009 00:00:00;München
Hanna;57;28.04.2010 00:00:00;Hamburg
Jakob;52;15.03.2010 00:00:00;Berlin
Stefan;20;14.06.2009 00:00:00;Wanne-Eikel
Karli;13;17.04.2009 00:00:00;Bottrop
Mike;16;09.05.2009 00:00:00;Essen
Mausi;19;03.06.2009 00:00:00;Wuppertal
Peter;101;03.05.2011 00:00:00;Köln
Paul;44;06.01.2010 00:00:00;München
Maria;5;05.02.2009 00:00:00;Hamburg
Jupp;37;07.11.2009 00:00:00;Berlin
Jopi;5;09.02.2009 00:00:00;Wanne-Eikel
Pumuckl;100;21.04.2011 00:00:00;Bottrop
Hanna;51;06.03.2010 00:00:00;Essen
Jakob;12;05.04.2009 00:00:00;Wuppertal
Stefan;46;18.01.2010 00:00:00;Köln
Karli;70;09.08.2010 00:00:00;München
Mike;101;28.04.2011 00:00:00;Hamburg
Mausi;8;06.03.2009 00:00:00;Berlin
Peter;4;03.02.2009 00:00:00;Wanne-Eikel
Paul;9;17.03.2009 00:00:00;Bottrop
Maria;98;08.04.2011 00:00:00;Essen
Jupp;91;04.02.2011 00:00:00;Wuppertal
Jopi;45;09.01.2010 00:00:00;Köln
Pumuckl;84;05.12.2010 00:00:00;München
Hanna;44;04.01.2010 00:00:00;Hamburg
Jakob;68;28.07.2010 00:00:00;Berlin
Stefan;86;28.12.2010 00:00:00;Wanne-Eikel
Karli;55;10.04.2010 00:00:00;Bottrop
Mike;12;06.04.2009 00:00:00;Essen
Mausi;53;18.03.2010 00:00:00;Wuppertal
Peter;102;09.05.2011 00:00:00;Köln
Paul;76;01.10.2010 00:00:00;München
Maria;54;26.03.2010 00:00:00;Hamburg
Jupp;78;20.10.2010 00:00:00;Berlin
Jopi;22;05.07.2009 00:00:00;Wanne-Eikel
Pumuckl;47;27.01.2010 00:00:00;Bottrop
Hanna;21;22.06.2009 00:00:00;Essen
Jakob;91;07.02.2011 00:00:00;Wuppertal
Stefan;20;14.06.2009 00:00:00;Köln
Karli;98;02.04.2011 00:00:00;München
Mike;8;09.03.2009 00:00:00;Hamburg
Mausi;51;28.02.2010 00:00:00;Berlin
Peter;99;13.04.2011 00:00:00;Wanne-Eikel
Paul;40;30.11.2009 00:00:00;Bottrop
Maria;13;17.04.2009 00:00:00;Essen
Jupp;2;13.01.2009 00:00:00;Wuppertal
Jopi;48;09.02.2010 00:00:00;Köln
Pumuckl;54;31.03.2010 00:00:00;München
Hanna;89;17.01.2011 00:00:00;Hamburg
Jakob;71;17.08.2010 00:00:00;Berlin
Stefan;53;17.03.2010 00:00:00;Wanne-Eikel
Karli;99;15.04.2011 00:00:00;Bottrop
Mike;38;18.11.2009 00:00:00;Essen
Mausi;56;18.04.2010 00:00:00;Wuppertal
Peter;30;07.09.2009 00:00:00;Köln
Paul;71;21.08.2010 00:00:00;München
Maria;8;06.03.2009 00:00:00;Hamburg
Jupp;41;08.12.2009 00:00:00;Berlin
Jopi;74;11.09.2010 00:00:00;Wanne-Eikel
Pumuckl;52;12.03.2010 00:00:00;Bottrop
Hanna;37;03.11.2009 00:00:00;Essen
Jakob;46;23.01.2010 00:00:00;Wuppertal
Stefan;33;03.10.2009 00:00:00;Köln
Karli;57;20.04.2010 00:00:00;München
Mike;40;29.11.2009 00:00:00;Hamburg
Mausi;34;09.10.2009 00:00:00;Berlin
Peter;47;27.01.2010 00:00:00;Wanne-Eikel
Paul;78;14.10.2010 00:00:00;Bottrop
Maria;94;01.03.2011 00:00:00;Essen
Jupp;103;22.05.2011 00:00:00;Wuppertal
Jopi;49;18.02.2010 00:00:00;Köln
Pumuckl;10;22.03.2009 00:00:00;München
Hanna;93;19.02.2011 00:00:00;Hamburg
Jakob;11;03.04.2009 00:00:00;Berlin
Stefan;2;09.01.2009 00:00:00;Wanne-Eikel
Karli;48;09.02.2010 00:00:00;Bottrop
Mike;97;24.03.2011 00:00:00;Essen
Mausi;5;09.02.2009 00:00:00;Wuppertal
Peter;71;21.08.2010 00:00:00;Köln
Paul;43;22.12.2009 00:00:00;München
Maria;20;19.06.2009 00:00:00;Hamburg
Jupp;33;30.09.2009 00:00:00;Berlin
Jopi;71;22.08.2010 00:00:00;Wanne-Eikel
Pumuckl;46;17.01.2010 00:00:00;Bottrop
Hanna;1;01.01.2009 00:00:00;Essen
Jakob;3;25.01.2009 00:00:00;Wuppertal
Stefan;38;14.11.2009 00:00:00;Köln
Karli;102;07.05.2011 00:00:00;München
Mike;49;12.02.2010 00:00:00;Hamburg
Mausi;56;13.04.2010 00:00:00;Berlin
Peter;39;23.11.2009 00:00:00;Wanne-Eikel
Paul;85;13.12.2010 00:00:00;Bottrop
Maria;18;29.05.2009 00:00:00;Essen
Jupp;73;02.09.2010 00:00:00;Wuppertal
Jopi;61;30.05.2010 00:00:00;Köln
Pumuckl;67;14.07.2010 00:00:00;München
Hanna;18;29.05.2009 00:00:00;Hamburg
Jakob;43;24.12.2009 00:00:00;Berlin
Stefan;1;02.01.2009 00:00:00;Wanne-Eikel
Karli;84;06.12.2010 00:00:00;Bottrop
Mike;60;17.05.2010 00:00:00;Essen
Mausi;75;25.09.2010 00:00:00;Wuppertal
Peter;65;29.06.2010 00:00:00;Köln
Paul;90;26.01.2011 00:00:00;München
Maria;22;30.06.2009 00:00:00;Hamburg
Jupp;43;27.12.2009 00:00:00;Berlin
Jopi;7;24.02.2009 00:00:00;Wanne-Eikel
Pumuckl;28;17.08.2009 00:00:00;Bottrop
Hanna;55;10.04.2010 00:00:00;Essen
Jakob;86;27.12.2010 00:00:00;Wuppertal
Stefan;79;27.10.2010 00:00:00;Köln
Karli;3;26.01.2009 00:00:00;München
Mike;74;17.09.2010 00:00:00;Hamburg
Mausi;32;21.09.2009 00:00:00;Berlin
Peter;32;24.09.2009 00:00:00;Wanne-Eikel
Paul;5;04.02.2009 00:00:00;Bottrop
Maria;80;01.11.2010 00:00:00;Essen
Jupp;92;13.02.2011 00:00:00;Wuppertal
Jopi;56;19.04.2010 00:00:00;Köln
Pumuckl;37;05.11.2009 00:00:00;München
Hanna;100;25.04.2011 00:00:00;Hamburg
Jakob;49;19.02.2010 00:00:00;Berlin
Stefan;29;02.09.2009 00:00:00;Wanne-Eikel
Karli;39;19.11.2009 00:00:00;Bottrop
Mike;65;29.06.2010 00:00:00;Essen
Mausi;69;05.08.2010 00:00:00;Wuppertal
Peter;96;23.03.2011 00:00:00;Köln
Paul;21;20.06.2009 00:00:00;München
Maria;55;03.04.2010 00:00:00;Hamburg
Jupp;39;26.11.2009 00:00:00;Berlin
Jopi;31;14.09.2009 00:00:00;Wanne-Eikel
Pumuckl;54;31.03.2010 00:00:00;Bottrop
Hanna;5;08.02.2009 00:00:00;Essen
Jakob;92;12.02.2011 00:00:00;Wuppertal
Stefan;87;05.01.2011 00:00:00;Köln
Karli;50;21.02.2010 00:00:00;München
Mike;72;01.09.2010 00:00:00;Hamburg
Mausi;86;24.12.2010 00:00:00;Berlin
Peter;24;21.07.2009 00:00:00;Wanne-Eikel
Paul;62;04.06.2010 00:00:00;Bottrop
Maria;101;30.04.2011 00:00:00;Essen
Jupp;11;30.03.2009 00:00:00;Wuppertal
Jopi;47;28.01.2010 00:00:00;Köln
Pumuckl;67;17.07.2010 00:00:00;München
Hanna;81;14.11.2010 00:00:00;Hamburg
Jakob;36;29.10.2009 00:00:00;Berlin
Stefan;11;29.03.2009 00:00:00;Wanne-Eikel
Karli;91;05.02.2011 00:00:00;Bottrop
Mike;41;10.12.2009 00:00:00;Essen
Mausi;57;26.04.2010 00:00:00;Wuppertal
Peter;91;09.02.2011 00:00:00;Köln
Paul;31;12.09.2009 00:00:00;München
Maria;91;04.02.2011 00:00:00;Hamburg
Jupp;68;28.07.2010 00:00:00;Berlin
Jopi;88;11.01.2011 00:00:00;Wanne-Eikel
Pumuckl;11;29.03.2009 00:00:00;Bottrop
Hanna;46;24.01.2010 00:00:00;Essen
Jakob;27;11.08.2009 00:00:00;Wuppertal
Stefan;25;31.07.2009 00:00:00;Köln
Karli;57;24.04.2010 00:00:00;München
Mike;51;06.03.2010 00:00:00;Hamburg
Mausi;91;04.02.2011 00:00:00;Berlin
Peter;77;14.10.2010 00:00:00;Wanne-Eikel
Paul;16;15.05.2009 00:00:00;Bottrop
Maria;56;15.04.2010 00:00:00;Essen
Jupp;25;30.07.2009 00:00:00;Wuppertal
Jopi;103;17.05.2011 00:00:00;Köln
Pumuckl;87;03.01.2011 00:00:00;München
Hanna;49;13.02.2010 00:00:00;Hamburg
Jakob;87;31.12.2010 00:00:00;Berlin
Stefan;37;03.11.2009 00:00:00;Wanne-Eikel
Karli;98;08.04.2011 00:00:00;Bottrop
Mike;68;26.07.2010 00:00:00;Essen
Mausi;99;14.04.2011 00:00:00;Wuppertal
Peter;41;05.12.2009 00:00:00;Köln
Paul;90;26.01.2011 00:00:00;München
Maria;3;22.01.2009 00:00:00;Hamburg
Jupp;67;16.07.2010 00:00:00;Berlin
Jopi;62;04.06.2010 00:00:00;Wanne-Eikel
Pumuckl;29;31.08.2009 00:00:00;Bottrop
Hanna;59;10.05.2010 00:00:00;Essen
Jakob;6;15.02.2009 00:00:00;Wuppertal
Stefan;84;08.12.2010 00:00:00;Köln
Karli;102;08.05.2011 00:00:00;München
Mike;52;16.03.2010 00:00:00;Hamburg
Mausi;1;02.01.2009 00:00:00;Berlin
Peter;68;25.07.2010 00:00:00;Wanne-Eikel
Paul;41;11.12.2009 00:00:00;Bottrop
Maria;4;01.02.2009 00:00:00;Essen
Jupp;77;10.10.2010 00:00:00;Wuppertal
Jopi;4;29.01.2009 00:00:00;Köln
Pumuckl;46;21.01.2010 00:00:00;München
Hanna;61;27.05.2010 00:00:00;Hamburg
Jakob;72;27.08.2010 00:00:00;Berlin
Stefan;11;31.03.2009 00:00:00;Wanne-Eikel
Karli;10;26.03.2009 00:00:00;Bottrop
Mike;38;14.11.2009 00:00:00;Essen
Mausi;31;16.09.2009 00:00:00;Wuppertal
Peter;12;04.04.2009 00:00:00;Köln
Paul;56;18.04.2010 00:00:00;München
Maria;38;11.11.2009 00:00:00;Hamburg
Jupp;28;24.08.2009 00:00:00;Berlin
Jopi;43;23.12.2009 00:00:00;Wanne-Eikel
Pumuckl;59;10.05.2010 00:00:00;Bottrop
Hanna;21;23.06.2009 00:00:00;Essen
Jakob;98;03.04.2011 00:00:00;Wuppertal
Stefan;67;18.07.2010 00:00:00;Köln
Karli;96;22.03.2011 00:00:00;München
Mike;28;23.08.2009 00:00:00;Hamburg
Mausi;103;16.05.2011 00:00:00;Berlin
Peter;8;07.03.2009 00:00:00;Wanne-Eikel
Paul;84;08.12.2010 00:00:00;Bottrop
Maria;69;06.08.2010 00:00:00;Essen
Jupp;101;29.04.2011 00:00:00;Wuppertal
Jopi;103;14.05.2011 00:00:00;Köln
Pumuckl;46;20.01.2010 00:00:00;München
Hanna;7;28.02.2009 00:00:00;Hamburg
Jakob;80;05.11.2010 00:00:00;Berlin
Stefan;68;30.07.2010 00:00:00;Wanne-Eikel
Karli;56;13.04.2010 00:00:00;Bottrop
Mike;62;04.06.2010 00:00:00;Essen
Mausi;62;07.06.2010 00:00:00;Wuppertal
Peter;83;02.12.2010 00:00:00;Köln
Paul;76;04.10.2010 00:00:00;München
Maria;83;02.12.2010 00:00:00;Hamburg
Jupp;95;12.03.2011 00:00:00;Berlin
Jopi;38;12.11.2009 00:00:00;Wanne-Eikel
Pumuckl;101;29.04.2011 00:00:00;Bottrop
Hanna;88;15.01.2011 00:00:00;Essen
Jakob;31;12.09.2009 00:00:00;Wuppertal
Stefan;52;15.03.2010 00:00:00;Köln
Karli;77;06.10.2010 00:00:00;München
Mike;56;14.04.2010 00:00:00;Hamburg
Mausi;6;16.02.2009 00:00:00;Berlin
Peter;96;20.03.2011 00:00:00;Wanne-Eikel
Paul;31;17.09.2009 00:00:00;Bottrop
Maria;68;23.07.2010 00:00:00;Essen
Jupp;26;01.08.2009 00:00:00;Wuppertal
Jopi;81;15.11.2010 00:00:00;Köln
Pumuckl;59;13.05.2010 00:00:00;München
Hanna;38;15.11.2009 00:00:00;Hamburg
Jakob;76;02.10.2010 00:00:00;Berlin
Stefan;13;20.04.2009 00:00:00;Wanne-Eikel
Karli;6;16.02.2009 00:00:00;Bottrop
Mike;69;05.08.2010 00:00:00;Essen
Mausi;24;22.07.2009 00:00:00;Wuppertal
Peter;81;15.11.2010 00:00:00;Köln
Paul;65;28.06.2010 00:00:00;München
Maria;74;12.09.2010 00:00:00;Hamburg
Jupp;70;09.08.2010 00:00:00;Berlin
Jopi;4;27.01.2009 00:00:00;Wanne-Eikel
Pumuckl;62;08.06.2010 00:00:00;Bottrop
Hanna;67;17.07.2010 00:00:00;Essen
Jakob;60;21.05.2010 00:00:00;Wuppertal
Stefan;99;13.04.2011 00:00:00;Köln
Karli;80;04.11.2010 00:00:00;München
Mike;49;19.02.2010 00:00:00;Hamburg
Mausi;71;19.08.2010 00:00:00;Berlin
Peter;80;05.11.2010 00:00:00;Wanne-Eikel
Paul;30;11.09.2009 00:00:00;Bottrop
Maria;60;22.05.2010 00:00:00;Essen
Jupp;71;19.08.2010 00:00:00;Wuppertal
Jopi;8;08.03.2009 00:00:00;Köln
Pumuckl;102;11.05.2011 00:00:00;München
Hanna;51;03.03.2010 00:00:00;Hamburg
Jakob;36;30.10.2009 00:00:00;Berlin
Stefan;29;27.08.2009 00:00:00;Wanne-Eikel
Karli;64;20.06.2010 00:00:00;Bottrop
Mike;5;09.02.2009 00:00:00;Essen
Mausi;72;28.08.2010 00:00:00;Wuppertal
Peter;83;28.11.2010 00:00:00;Köln
Paul;86;27.12.2010 00:00:00;München
Maria;103;21.05.2011 00:00:00;Hamburg
Jupp;10;19.03.2009 00:00:00;Berlin
Jopi;18;30.05.2009 00:00:00;Wanne-Eikel
Pumuckl;90;30.01.2011 00:00:00;Bottrop
Hanna;49;17.02.2010 00:00:00;Essen
Jakob;78;17.10.2010 00:00:00;Wuppertal
Stefan;8;02.03.2009 00:00:00;Köln
Karli;59;14.05.2010 00:00:00;München
Mike;14;28.04.2009 00:00:00;Hamburg
Mausi;78;15.10.2010 00:00:00;Berlin
Peter;28;17.08.2009 00:00:00;Wanne-Eikel
Paul;19;08.06.2009 00:00:00;Bottrop
Maria;27;16.08.2009 00:00:00;Essen
Jupp;94;07.03.2011 00:00:00;Wuppertal
Jopi;10;22.03.2009 00:00:00;Köln
Pumuckl;100;23.04.2011 00:00:00;München
Hanna;12;05.04.2009 00:00:00;Hamburg
Jakob;17;17.05.2009 00:00:00;Berlin
Stefan;86;27.12.2010 00:00:00;Wanne-Eikel
Karli;101;04.05.2011 00:00:00;Bottrop
Mike;50;24.02.2010 00:00:00;Essen
Mausi;51;06.03.2010 00:00:00;Wuppertal
Peter;103;21.05.2011 00:00:00;Köln
Paul;72;27.08.2010 00:00:00;München
Maria;68;28.07.2010 00:00:00;Hamburg
Jupp;16;10.05.2009 00:00:00;Berlin
Jopi;60;15.05.2010 00:00:00;Wanne-Eikel
Pumuckl;33;06.10.2009 00:00:00;Bottrop
Hanna;100;25.04.2011 00:00:00;Essen
Jakob;18;28.05.2009 00:00:00;Wuppertal
Stefan;60;19.05.2010 00:00:00;Köln
Karli;2;16.01.2009 00:00:00;München
Mike;91;09.02.2011 00:00:00;Hamburg
Mausi;22;30.06.2009 00:00:00;Berlin
Peter;63;17.06.2010 00:00:00;Wanne-Eikel
Paul;58;01.05.2010 00:00:00;Bottrop
Maria;43;23.12.2009 00:00:00;Essen
Jupp;9;14.03.2009 00:00:00;Wuppertal
Jopi;31;17.09.2009 00:00:00;Köln
Pumuckl;76;02.10.2010 00:00:00;München
Hanna;64;19.06.2010 00:00:00;Hamburg
Jakob;21;24.06.2009 00:00:00;Berlin
Stefan;17;17.05.2009 00:00:00;Wanne-Eikel
Karli;87;05.01.2011 00:00:00;Bottrop
Mike;44;02.01.2010 00:00:00;Essen
Mausi;94;27.02.2011 00:00:00;Wuppertal
Peter;75;25.09.2010 00:00:00;Köln
Paul;61;27.05.2010 00:00:00;München
Maria;27;11.08.2009 00:00:00;Hamburg
Jupp;33;03.10.2009 00:00:00;Berlin
Jopi;53;18.03.2010 00:00:00;Wanne-Eikel
Pumuckl;93;23.02.2011 00:00:00;Bottrop
Hanna;90;29.01.2011 00:00:00;Essen
Jakob;86;25.12.2010 00:00:00;Wuppertal
Stefan;37;03.11.2009 00:00:00;Köln
Karli;53;17.03.2010 00:00:00;München
Mike;11;28.03.2009 00:00:00;Hamburg
Mausi;51;03.03.2010 00:00:00;Berlin
Peter;23;06.07.2009 00:00:00;Wanne-Eikel
Paul;34;11.10.2009 00:00:00;Bottrop
Maria;19;05.06.2009 00:00:00;Essen
Jupp;79;25.10.2010 00:00:00;Wuppertal
Jopi;64;19.06.2010 00:00:00;Köln
Pumuckl;101;01.05.2011 00:00:00;München
Hanna;18;29.05.2009 00:00:00;Hamburg
Jakob;26;01.08.2009 00:00:00;Berlin
Stefan;32;27.09.2009 00:00:00;Wanne-Eikel
Karli;6;16.02.2009 00:00:00;Bottrop
Mike;32;20.09.2009 00:00:00;Essen
Mausi;57;21.04.2010 00:00:00;Wuppertal
Peter;58;02.05.2010 00:00:00;Köln
Paul;3;22.01.2009 00:00:00;München
Maria;90;28.01.2011 00:00:00;Hamburg
Jupp;11;27.03.2009 00:00:00;Berlin
Jopi;38;15.11.2009 00:00:00;Wanne-Eikel
Pumuckl;29;02.09.2009 00:00:00;Bottrop
Hanna;35;21.10.2009 00:00:00;Essen
Jakob;17;17.05.2009 00:00:00;Wuppertal
Stefan;28;25.08.2009 00:00:00;Köln
Karli;79;28.10.2010 00:00:00;München
Mike;45;12.01.2010 00:00:00;Hamburg
Mausi;103;19.05.2011 00:00:00;Berlin
Peter;7;26.02.2009 00:00:00;Wanne-Eikel
Paul;68;23.07.2010 00:00:00;Bottrop
Maria;70;09.08.2010 00:00:00;Essen
Jupp;71;24.08.2010 00:00:00;Wuppertal
Jopi;17;17.05.2009 00:00:00;Köln
Pumuckl;6;15.02.2009 00:00:00;München
Hanna;90;25.01.2011 00:00:00;Hamburg
Jakob;11;03.04.2009 00:00:00;Berlin
Stefan;48;03.02.2010 00:00:00;Wanne-Eikel
Karli;96;22.03.2011 00:00:00;Bottrop
Mike;91;06.02.2011 00:00:00;Essen
Mausi;102;06.05.2011 00:00:00;Wuppertal
Peter;58;30.04.2010 00:00:00;Köln
Paul;89;23.01.2011 00:00:00;München
Maria;62;05.06.2010 00:00:00;Hamburg
Jupp;20;15.06.2009 00:00:00;Berlin
Jopi;70;09.08.2010 00:00:00;Wanne-Eikel
Pumuckl;19;03.06.2009 00:00:00;Bottrop
Hanna;62;03.06.2010 00:00:00;Essen
Jakob;70;09.08.2010 00:00:00;Wuppertal
Stefan;30;06.09.2009 00:00:00;Köln
Karli;75;20.09.2010 00:00:00;München
Mike;80;01.11.2010 00:00:00;Hamburg
Mausi;50;25.02.2010 00:00:00;Berlin
Peter;4;27.01.2009 00:00:00;Wanne-Eikel
Paul;80;05.11.2010 00:00:00;Bottrop
Maria;48;09.02.2010 00:00:00;Essen
Jupp;8;03.03.2009 00:00:00;Wuppertal
Jopi;18;27.05.2009 00:00:00;Köln
Pumuckl;99;11.04.2011 00:00:00;München
Hanna;23;09.07.2009 00:00:00;Hamburg
Jakob;48;05.02.2010 00:00:00;Berlin
Stefan;94;26.02.2011 00:00:00;Wanne-Eikel
Karli;20;16.06.2009 00:00:00;Bottrop
Mike;72;30.08.2010 00:00:00;Essen
Mausi;100;26.04.2011 00:00:00;Wuppertal
Peter;32;22.09.2009 00:00:00;Köln
Paul;51;05.03.2010 00:00:00;München
Maria;9;17.03.2009 00:00:00;Hamburg
Jupp;27;12.08.2009 00:00:00;Berlin
Jopi;21;22.06.2009 00:00:00;Wanne-Eikel
Pumuckl;21;20.06.2009 00:00:00;Bottrop
Hanna;10;18.03.2009 00:00:00;Essen
Jakob;66;11.07.2010 00:00:00;Wuppertal
Stefan;16;15.05.2009 00:00:00;Köln
Karli;93;21.02.2011 00:00:00;München
Mike;57;26.04.2010 00:00:00;Hamburg
Mausi;53;23.03.2010 00:00:00;Berlin
Peter;72;27.08.2010 00:00:00;Wanne-Eikel
Paul;16;08.05.2009 00:00:00;Bottrop
Maria;51;08.03.2010 00:00:00;Essen
Jupp;10;24.03.2009 00:00:00;Wuppertal
Jopi;18;28.05.2009 00:00:00;Köln
Pumuckl;80;03.11.2010 00:00:00;München
Hanna;74;12.09.2010 00:00:00;Hamburg
Jakob;37;05.11.2009 00:00:00;Berlin
Stefan;93;19.02.2011 00:00:00;Wanne-Eikel
Karli;20;14.06.2009 00:00:00;Bottrop
Mike;68;29.07.2010 00:00:00;Essen
Mausi;41;10.12.2009 00:00:00;Wuppertal
Peter;62;06.06.2010 00:00:00;Köln
Paul;82;25.11.2010 00:00:00;München
Maria;98;06.04.2011 00:00:00;Hamburg
Jupp;53;25.03.2010 00:00:00;Berlin
Jopi;74;13.09.2010 00:00:00;Wanne-Eikel
Pumuckl;44;01.01.2010 00:00:00;Bottrop
Hanna;9;10.03.2009 00:00:00;Essen
Jakob;38;14.11.2009 00:00:00;Wuppertal
Stefan;18;27.05.2009 00:00:00;Köln
Karli;66;10.07.2010 00:00:00;München
Mike;93;21.02.2011 00:00:00;Hamburg
Mausi;19;06.06.2009 00:00:00;Berlin
Peter;10;19.03.2009 00:00:00;Wanne-Eikel
Paul;35;22.10.2009 00:00:00;Bottrop
Maria;49;18.02.2010 00:00:00;Essen
Jupp;10;20.03.2009 00:00:00;Wuppertal
Jopi;66;05.07.2010 00:00:00;Köln
Pumuckl;14;24.04.2009 00:00:00;München
Hanna;34;13.10.2009 00:00:00;Hamburg
Jakob;15;05.05.2009 00:00:00;Berlin
Stefan;23;13.07.2009 00:00:00;Wanne-Eikel
Karli;100;19.04.2011 00:00:00;Bottrop
Mike;40;05.12.2009 00:00:00;Essen
Mausi;3;19.01.2009 00:00:00;Wuppertal
Peter;48;03.02.2010 00:00:00;Köln
Paul;13;17.04.2009 00:00:00;München
Maria;30;11.09.2009 00:00:00;Hamburg
Jupp;14;26.04.2009 00:00:00;Berlin
Jopi;51;04.03.2010 00:00:00;Wanne-Eikel
Pumuckl;36;25.10.2009 00:00:00;Bottrop
Hanna;8;07.03.2009 00:00:00;Essen
Jakob;12;10.04.2009 00:00:00;Wuppertal
Stefan;87;05.01.2011 00:00:00;Köln
Karli;73;05.09.2010 00:00:00;München
Mike;69;06.08.2010 00:00:00;Hamburg
Mausi;43;26.12.2009 00:00:00;Berlin
Peter;27;14.08.2009 00:00:00;Wanne-Eikel
Paul;61;24.05.2010 00:00:00;Bottrop
Maria;97;27.03.2011 00:00:00;Essen
Jupp;77;12.10.2010 00:00:00;Wuppertal
Jopi;85;15.12.2010 00:00:00;Köln
Pumuckl;20;12.06.2009 00:00:00;München
Hanna;36;27.10.2009 00:00:00;Hamburg
Jakob;6;18.02.2009 00:00:00;Berlin
Stefan;27;15.08.2009 00:00:00;Wanne-Eikel
Karli;33;02.10.2009 00:00:00;Bottrop
Mike;1;05.01.2009 00:00:00;Essen
Mausi;87;03.01.2011 00:00:00;Wuppertal
Peter;31;15.09.2009 00:00:00;Köln
Paul;64;25.06.2010 00:00:00;München
Maria;76;01.10.2010 00:00:00;Hamburg
Jupp;79;29.10.2010 00:00:00;Berlin
Jopi;90;30.01.2011 00:00:00;Wanne-Eikel
Pumuckl;54;26.03.2010 00:00:00;Bottrop
Hanna;18;30.05.2009 00:00:00;Essen
Jakob;67;17.07.2010 00:00:00;Wuppertal
Stefan;42;21.12.2009 00:00:00;Köln
Karli;96;18.03.2011 00:00:00;München
Mike;6;19.02.2009 00:00:00;Hamburg
Mausi;61;29.05.2010 00:00:00;Berlin
Peter;14;23.04.2009 00:00:00;Wanne-Eikel
Paul;99;13.04.2011 00:00:00;Bottrop
Maria;92;10.02.2011 00:00:00;Essen
Jupp;87;30.12.2010 00:00:00;Wuppertal
Jopi;58;05.05.2010 00:00:00;Köln
Pumuckl;81;13.11.2010 00:00:00;München
Hanna;36;30.10.2009 00:00:00;Hamburg
Jakob;41;12.12.2009 00:00:00;Berlin
Stefan;71;16.08.2010 00:00:00;Wanne-Eikel
Karli;7;24.02.2009 00:00:00;Bottrop
Mike;87;04.01.2011 00:00:00;Essen
Mausi;5;12.02.2009 00:00:00;Wuppertal
Peter;21;27.06.2009 00:00:00;Köln
Paul;62;01.06.2010 00:00:00;München
Maria;35;19.10.2009 00:00:00;Hamburg
Jupp;4;01.02.2009 00:00:00;Berlin
Jopi;64;23.06.2010 00:00:00;Wanne-Eikel
Pumuckl;35;17.10.2009 00:00:00;Bottrop
Hanna;80;03.11.2010 00:00:00;Essen
Jakob;15;04.05.2009 00:00:00;Wuppertal
Stefan;13;12.04.2009 00:00:00;Köln
Karli;48;05.02.2010 00:00:00;München
Mike;88;09.01.2011 00:00:00;Hamburg
Mausi;91;07.02.2011 00:00:00;Berlin
Peter;64;24.06.2010 00:00:00;Wanne-Eikel
Paul;34;07.10.2009 00:00:00;Bottrop
Maria;27;09.08.2009 00:00:00;Essen
Jupp;34;12.10.2009 00:00:00;Wuppertal
Jopi;55;09.04.2010 00:00:00;Köln
Pumuckl;3;20.01.2009 00:00:00;München
Hanna;1;05.01.2009 00:00:00;Hamburg
Jakob;36;26.10.2009 00:00:00;Berlin
Stefan;55;04.04.2010 00:00:00;Wanne-Eikel
Karli;36;30.10.2009 00:00:00;Bottrop
Mike;64;22.06.2010 00:00:00;Essen
Mausi;90;31.01.2011 00:00:00;Wuppertal
Peter;33;30.09.2009 00:00:00;Köln
Paul;54;28.03.2010 00:00:00;München
Maria;52;15.03.2010 00:00:00;Hamburg
Jupp;51;02.03.2010 00:00:00;Berlin
Jopi;101;03.05.2011 00:00:00;Wanne-Eikel
Pumuckl;64;24.06.2010 00:00:00;Bottrop
Hanna;17;21.05.2009 00:00:00;Essen
Jakob;24;23.07.2009 00:00:00;Wuppertal
Stefan;82;19.11.2010 00:00:00;Köln
Karli;71;19.08.2010 00:00:00;München
Mike;58;05.05.2010 00:00:00;Hamburg
Mausi;29;31.08.2009 00:00:00;Berlin
Peter;19;08.06.2009 00:00:00;Wanne-Eikel
Paul;15;29.04.2009 00:00:00;Bottrop
Maria;3;24.01.2009 00:00:00;Essen
Jupp;8;07.03.2009 00:00:00;Wuppertal
Jopi;16;15.05.2009 00:00:00;Köln
Pumuckl;96;17.03.2011 00:00:00;München
Hanna;49;16.02.2010 00:00:00;Hamburg
Jakob;70;15.08.2010 00:00:00;Berlin
Stefan;12;05.04.2009 00:00:00;Wanne-Eikel
Karli;1;04.01.2009 00:00:00;Bottrop
Mike;23;09.07.2009 00:00:00;Essen
Mausi;25;30.07.2009 00:00:00;Wuppertal
Peter;55;06.04.2010 00:00:00;Köln
Paul;3;18.01.2009 00:00:00;München
Maria;91;02.02.2011 00:00:00;Hamburg
Jupp;68;27.07.2010 00:00:00;Berlin
Jopi;6;20.02.2009 00:00:00;Wanne-Eikel
Pumuckl;52;11.03.2010 00:00:00;Bottrop
Hanna;55;09.04.2010 00:00:00;Essen
Jakob;90;25.01.2011 00:00:00;Wuppertal
Stefan;102;10.05.2011 00:00:00;Köln
Karli;49;15.02.2010 00:00:00;München
Mike;76;02.10.2010 00:00:00;Hamburg
Mausi;11;29.03.2009 00:00:00;Berlin
Peter;87;02.01.2011 00:00:00;Wanne-Eikel
Paul;30;04.09.2009 00:00:00;Bottrop
Maria;18;01.06.2009 00:00:00;Essen
Jupp;53;19.03.2010 00:00:00;Wuppertal
Jopi;31;18.09.2009 00:00:00;Köln
Pumuckl;64;20.06.2010 00:00:00;München
Hanna;10;22.03.2009 00:00:00;Hamburg
Jakob;98;04.04.2011 00:00:00;Berlin
Stefan;80;01.11.2010 00:00:00;Wanne-Eikel
Karli;102;08.05.2011 00:00:00;Bottrop
Mike;15;07.05.2009 00:00:00;Essen
Mausi;41;11.12.2009 00:00:00;Wuppertal
Peter;104;26.05.2011 00:00:00;Köln
Paul;97;30.03.2011 00:00:00;München
Maria;20;14.06.2009 00:00:00;Hamburg
Jupp;63;17.06.2010 00:00:00;Berlin
Jopi;92;11.02.2011 00:00:00;Wanne-Eikel
Pumuckl;98;06.04.2011 00:00:00;Bottrop
Hanna;79;29.10.2010 00:00:00;Essen
Jakob;32;26.09.2009 00:00:00;Wuppertal
Stefan;31;19.09.2009 00:00:00;Köln
Karli;28;17.08.2009 00:00:00;München
Mike;100;25.04.2011 00:00:00;Hamburg
Mausi;99;15.04.2011 00:00:00;Berlin
Peter;78;20.10.2010 00:00:00;Wanne-Eikel
Paul;53;24.03.2010 00:00:00;Bottrop
Maria;19;02.06.2009 00:00:00;Essen
Jupp;30;10.09.2009 00:00:00;Wuppertal
Jopi;16;13.05.2009 00:00:00;Köln
Pumuckl;73;07.09.2010 00:00:00;München
Hanna;32;21.09.2009 00:00:00;Hamburg
Jakob;75;20.09.2010 00:00:00;Berlin
Stefan;43;26.12.2009 00:00:00;Wanne-Eikel
Karli;97;27.03.2011 00:00:00;Bottrop
Mike;26;03.08.2009 00:00:00;Essen
Mausi;91;08.02.2011 00:00:00;Wuppertal
Peter;78;17.10.2010 00:00:00;Köln
Paul;101;30.04.2011 00:00:00;München
Maria;40;28.11.2009 00:00:00;Hamburg
Jupp;52;15.03.2010 00:00:00;Berlin
Jopi;95;15.03.2011 00:00:00;Wanne-Eikel
Pumuckl;30;03.09.2009 00:00:00;Bottrop
Hanna;50;25.02.2010 00:00:00;Essen
Jakob;58;29.04.2010 00:00:00;Wuppertal
Stefan;92;11.02.2011 00:00:00;Köln
Karli;50;22.02.2010 00:00:00;München
Mike;69;31.07.2010 00:00:00;Hamburg
Mausi;14;22.04.2009 00:00:00;Berlin
Peter;32;28.09.2009 00:00:00;Wanne-Eikel
Paul;96;22.03.2011 00:00:00;Bottrop
Maria;103;14.05.2011 00:00:00;Essen
Jupp;4;03.02.2009 00:00:00;Wuppertal
Jopi;74;17.09.2010 00:00:00;Köln
Pumuckl;44;06.01.2010 00:00:00;München
Hanna;84;07.12.2010 00:00:00;Hamburg
Jakob;60;18.05.2010 00:00:00;Berlin
Stefan;34;09.10.2009 00:00:00;Wanne-Eikel
Karli;24;16.07.2009 00:00:00;Bottrop
Mike;79;27.10.2010 00:00:00;Essen
Mausi;82;24.11.2010 00:00:00;Wuppertal
Peter;46;18.01.2010 00:00:00;Köln
Paul;84;09.12.2010 00:00:00;München
Maria;82;23.11.2010 00:00:00;Hamburg
Jupp;7;25.02.2009 00:00:00;Berlin
Jopi;71;17.08.2010 00:00:00;Wanne-Eikel
Pumuckl;45;14.01.2010 00:00:00;Bottrop
Hanna;103;16.05.2011 00:00:00;Essen
Jakob;8;02.03.2009 00:00:00;Wuppertal
Stefan;72;28.08.2010 00:00:00;Köln
Karli;33;04.10.2009 00:00:00;München
Mike;90;29.01.2011 00:00:00;Hamburg
Mausi;95;13.03.2011 00:00:00;Berlin
Peter;59;10.05.2010 00:00:00;Wanne-Eikel
Paul;27;16.08.2009 00:00:00;Bottrop
Maria;41;12.12.2009 00:00:00;Essen
Jupp;2;17.01.2009 00:00:00;Wuppertal
Jopi;82;20.11.2010 00:00:00;Köln
Pumuckl;43;28.12.2009 00:00:00;München
Hanna;8;05.03.2009 00:00:00;Hamburg
Jakob;29;29.08.2009 00:00:00;Berlin
Stefan;89;21.01.2011 00:00:00;Wanne-Eikel
Karli;5;11.02.2009 00:00:00;Bottrop
Mike;102;12.05.2011 00:00:00;Essen
Mausi;24;21.07.2009 00:00:00;Wuppertal
Peter;75;24.09.2010 00:00:00;Köln
Paul;28;19.08.2009 00:00:00;München
Maria;1;04.01.2009 00:00:00;Hamburg
Jupp;103;19.05.2011 00:00:00;Berlin
Jopi;13;20.04.2009 00:00:00;Wanne-Eikel
Pumuckl;70;15.08.2010 00:00:00;Bottrop
Hanna;58;02.05.2010 00:00:00;Essen
Jakob;55;03.04.2010 00:00:00;Wuppertal
Stefan;22;04.07.2009 00:00:00;Köln
Karli;62;03.06.2010 00:00:00;München
Mike;7;26.02.2009 00:00:00;Hamburg
Mausi;12;06.04.2009 00:00:00;Berlin
Peter;52;11.03.2010 00:00:00;Wanne-Eikel
Paul;44;01.01.2010 00:00:00;Bottrop
Maria;91;09.02.2011 00:00:00;Essen
Jupp;47;29.01.2010 00:00:00;Wuppertal
Jopi;52;09.03.2010 00:00:00;Köln
Pumuckl;62;01.06.2010 00:00:00;München
Hanna;46;22.01.2010 00:00:00;Hamburg
Jakob;104;25.05.2011 00:00:00;Berlin
Stefan;7;22.02.2009 00:00:00;Wanne-Eikel
Karli;8;03.03.2009 00:00:00;Bottrop
Mike;50;23.02.2010 00:00:00;Essen
Mausi;47;01.02.2010 00:00:00;Wuppertal
Peter;3;25.01.2009 00:00:00;Köln
Paul;82;21.11.2010 00:00:00;München
Maria;83;26.11.2010 00:00:00;Hamburg
Jupp;95;12.03.2011 00:00:00;Berlin
Jopi;16;14.05.2009 00:00:00;Wanne-Eikel
Pumuckl;51;01.03.2010 00:00:00;Bottrop
Hanna;98;03.04.2011 00:00:00;Essen
Jakob;41;08.12.2009 00:00:00;Wuppertal
Stefan;86;28.12.2010 00:00:00;Köln
Karli;58;05.05.2010 00:00:00;München
Mike;36;31.10.2009 00:00:00;Hamburg
Mausi;43;30.12.2009 00:00:00;Berlin
Peter;45;10.01.2010 00:00:00;Wanne-Eikel
Paul;104;27.05.2011 00:00:00;Bottrop
Maria;99;11.04.2011 00:00:00;Essen
Jupp;2;14.01.2009 00:00:00;Wuppertal
Jopi;80;01.11.2010 00:00:00;Köln
Pumuckl;36;28.10.2009 00:00:00;München
Hanna;73;10.09.2010 00:00:00;Hamburg
Jakob;102;07.05.2011 00:00:00;Berlin
Stefan;21;21.06.2009 00:00:00;Wanne-Eikel
Karli;30;08.09.2009 00:00:00;Bottrop
Mike;55;08.04.2010 00:00:00;Essen
Mausi;39;19.11.2009 00:00:00;Wuppertal
Peter;56;17.04.2010 00:00:00;Köln
Paul;66;05.07.2010 00:00:00;München
Maria;82;19.11.2010 00:00:00;Hamburg
Jupp;28;22.08.2009 00:00:00;Berlin
Jopi;64;19.06.2010 00:00:00;Wanne-Eikel
Pumuckl;103;18.05.2011 00:00:00;Bottrop
Hanna;18;30.05.2009 00:00:00;Essen
Jakob;68;24.07.2010 00:00:00;Wuppertal
Stefan;82;23.11.2010 00:00:00;Köln
Karli;58;03.05.2010 00:00:00;München
Mike;100;25.04.2011 00:00:00;Hamburg
Mausi;36;28.10.2009 00:00:00;Berlin
Peter;92;16.02.2011 00:00:00;Wanne-Eikel
Paul;67;20.07.2010 00:00:00;Bottrop
Maria;39;21.11.2009 00:00:00;Essen
Jupp;76;02.10.2010 00:00:00;Wuppertal
Jopi;69;30.07.2010 00:00:00;Köln
Pumuckl;71;18.08.2010 00:00:00;München
Hanna;30;06.09.2009 00:00:00;Hamburg
Jakob;98;05.04.2011 00:00:00;Berlin
Stefan;8;03.03.2009 00:00:00;Wanne-Eikel
Karli;49;11.02.2010 00:00:00;Bottrop
Mike;3;19.01.2009 00:00:00;Essen
Mausi;52;12.03.2010 00:00:00;Wuppertal
Peter;67;21.07.2010 00:00:00;Köln
Paul;45;08.01.2010 00:00:00;München
Maria;25;24.07.2009 00:00:00;Hamburg
Jupp;75;24.09.2010 00:00:00;Berlin
Jopi;39;21.11.2009 00:00:00;Wanne-Eikel
Pumuckl;53;19.03.2010 00:00:00;Bottrop
Hanna;27;13.08.2009 00:00:00;Essen
Jakob;78;16.10.2010 00:00:00;Wuppertal
Stefan;27;16.08.2009 00:00:00;Köln
Karli;44;07.01.2010 00:00:00;München
Mike;39;26.11.2009 00:00:00;Hamburg
Mausi;55;09.04.2010 00:00:00;Berlin
Peter;73;09.09.2010 00:00:00;Wanne-Eikel
Paul;70;12.08.2010 00:00:00;Bottrop
Maria;82;18.11.2010 00:00:00;Essen
Jupp;88;10.01.2011 00:00:00;Wuppertal
Jopi;41;07.12.2009 00:00:00;Köln
Pumuckl;73;06.09.2010 00:00:00;München
Hanna;66;06.07.2010 00:00:00;Hamburg
Jakob;91;07.02.2011 00:00:00;Berlin
Stefan;4;01.02.2009 00:00:00;Wanne-Eikel
Karli;63;15.06.2010 00:00:00;Bottrop
Mike;14;27.04.2009 00:00:00;Essen
Mausi;13;15.04.2009 00:00:00;Wuppertal
Peter;102;07.05.2011 00:00:00;Köln
Paul;102;08.05.2011 00:00:00;München
Maria;34;08.10.2009 00:00:00;Hamburg
Jupp;54;02.04.2010 00:00:00;Berlin
Jopi;1;02.01.2009 00:00:00;Wanne-Eikel
Pumuckl;62;02.06.2010 00:00:00;Bottrop
Hanna;31;19.09.2009 00:00:00;Essen
Jakob;8;06.03.2009 00:00:00;Wuppertal
Stefan;63;16.06.2010 00:00:00;Köln
Karli;30;10.09.2009 00:00:00;München
Mike;65;02.07.2010 00:00:00;Hamburg
Mausi;20;12.06.2009 00:00:00;Berlin
Peter;79;25.10.2010 00:00:00;Wanne-Eikel
Paul;47;02.02.2010 00:00:00;Bottrop
Maria;30;03.09.2009 00:00:00;Essen
Jupp;30;06.09.2009 00:00:00;Wuppertal
Jopi;32;20.09.2009 00:00:00;Köln
Pumuckl;23;10.07.2009 00:00:00;München
Hanna;9;14.03.2009 00:00:00;Hamburg
Jakob;48;10.02.2010 00:00:00;Berlin
Stefan;28;25.08.2009 00:00:00;Wanne-Eikel
Karli;88;12.01.2011 00:00:00;Bottrop
Mike;3;24.01.2009 00:00:00;Essen
Mausi;103;18.05.2011 00:00:00;Wuppertal
Peter;94;28.02.2011 00:00:00;Köln
Paul;47;25.01.2010 00:00:00;München
Maria;58;29.04.2010 00:00:00;Hamburg
Jupp;39;24.11.2009 00:00:00;Berlin
Jopi;87;05.01.2011 00:00:00;Wanne-Eikel
Pumuckl;16;12.05.2009 00:00:00;Bottrop
Hanna;48;09.02.2010 00:00:00;Essen
Jakob;5;06.02.2009 00:00:00;Wuppertal
Stefan;31;14.09.2009 00:00:00;Köln
Karli;12;11.04.2009 00:00:00;München
Mike;78;18.10.2010 00:00:00;Hamburg
Mausi;41;13.12.2009 00:00:00;Berlin
Peter;20;12.06.2009 00:00:00;Wanne-Eikel
Paul;77;10.10.2010 00:00:00;Bottrop
Maria;78;14.10.2010 00:00:00;Essen
Jupp;70;13.08.2010 00:00:00;Wuppertal
Jopi;14;21.04.2009 00:00:00;Köln
Pumuckl;32;23.09.2009 00:00:00;München
Hanna;96;23.03.2011 00:00:00;Hamburg
Jakob;44;31.12.2009 00:00:00;Berlin
Stefan;5;10.02.2009 00:00:00;Wanne-Eikel
Karli;62;09.06.2010 00:00:00;Bottrop
Mike;10;18.03.2009 00:00:00;Essen
Mausi;98;03.04.2011 00:00:00;Wuppertal
Peter;44;03.01.2010 00:00:00;Köln
Paul;36;30.10.2009 00:00:00;München
Maria;60;20.05.2010 00:00:00;Hamburg
Jupp;86;23.12.2010 00:00:00;Berlin
Jopi;55;03.04.2010 00:00:00;Wanne-Eikel
Pumuckl;70;15.08.2010 00:00:00;Bottrop
Hanna;89;19.01.2011 00:00:00;Essen
Jakob;14;26.04.2009 00:00:00;Wuppertal
Stefan;99;15.04.2011 00:00:00;Köln
Karli;35;20.10.2009 00:00:00;München
Mike;65;03.07.2010 00:00:00;Hamburg
Mausi;59;08.05.2010 00:00:00;Berlin
Peter;5;04.02.2009 00:00:00;Wanne-Eikel
Paul;97;25.03.2011 00:00:00;Bottrop
Maria;25;29.07.2009 00:00:00;Essen
Jupp;48;05.02.2010 00:00:00;Wuppertal
